person,subgroup,pollster,sponsors,startdate,enddate,samplesize,population,weight,influence,tracking,favorable,unfavorable,net,adjusted_favorable,adjusted_unfavorable,adjusted_net,url,createddate,timestamp
Elon Musk,All polls,Marquette University Law School,,3/17/25,3/27/25,1021, A,1.530885,0.9493343,,38,60,-22,38.58657,57.99609,-19.40952,https://www.marquette.edu/news-center/2025/marquette-law-school-national-survey-finds-public-skeptical-of-tariffs-inflation-trends-positive-on-nation-s-direction.php,3/27/25,4/13/25 19:19
Elon Musk,All polls,Harris Insights & Analytics,Harvard CAPS,3/26/25,3/27/25,2746, RV,1.262039,0.9182381,,39,49,-10,37.9314,51.64042,-13.70902,https://harvardharrispoll.com/key-results-march-5/,3/27/25,4/13/25 19:19
Elon Musk,All polls,Fabrizio Lee & Associates/Impact Research,Wall Street Journal,3/27/25,4/1/25,1500, RV,1.05411,0.8538933,,42,53,-11,41.59896,52.38677,-10.78781,https://prod-i.a.dj.com/public/resources/documents/March_2025_WSJPoll.pdf,4/1/25,4/13/25 19:19
Elon Musk,All polls,AP-NORC,,3/20/25,3/24/25,1229, A,1.147297,0.7095949,,36,55,-19,37.62855,53.31007,-15.68152,https://apnorc.org/wp-content/uploads/2025/03/March-2025-topline-Trump-.pdf,3/24/25,4/13/25 19:19
Elon Musk,All polls,GBAO,Third Way,3/17/25,3/23/25,2000, RV,1.210367,0.6930999,,40,56,-16,40.04416,55.05494,-15.01078,https://www.thirdway.org/memo/breaking-through-the-noise-on-trumps-chaotic-first-two-months,3/23/25,4/13/25 19:19
Elon Musk,All polls,Targoz Market Research,Overton Insights,3/24/25,3/28/25,1200, RV,0.951969,0.6807443,,37,52,-15,37.84748,52.3308,-14.48332,https://overtoninsights.com/wp-content/uploads/2025/04/Overton-Insights-Poll-April-2025-Crosstabs-Party-Ideology-2024-Vote-1.pdf,3/28/25,4/13/25 19:19
Elon Musk,All polls,AtlasIntel,,3/7/25,3/12/25,2550, A,1.863615,0.6548473,,45,54,-9,42.61527,53.75443,-11.13916,https://atlasintel.org/poll/usa-national-2025-03-17,3/12/25,4/13/25 19:19
Elon Musk,All polls,Global Strategy Group/GBAO (Navigator Research),,4/3/25,4/7/25,1000, RV,0.6738557,0.639455,,38,56,-18,39.00071,55.00278,-16.00207,https://navigatorresearch.org/wp-content/uploads/2025/04/Navigator-Update-04.08.2025.pdf?emci=7876fdc2-1314-f011-8b3d-0022482a9fb7&emdi=41fa485e-7914-f011-8b3d-0022482a9fb7&ceid=1396968,4/7/25,4/13/25 19:19
Elon Musk,All polls,Rasmussen Reports,,3/25/25,3/27/25,1036, LV,0.8782596,0.6194597,,45,50,-5,41.43561,51.94773,-10.51212,https://www.rasmussenreports.com/public_content/politics/trump_administration_second_term/anti_musk_message_taking_its_toll,3/27/25,4/13/25 19:19
Elon Musk,All polls,YouGov,Economist,4/5/25,4/8/25,1741, A,0.589995,0.589995,,40,54,-14,38.38363,53.31395,-14.93032,https://d3nkl3psvxxpe9.cloudfront.net/documents/econTabReport_pXJ0PxA.pdf#page31,4/8/25,4/13/25 19:19
Elon Musk,All polls,Ipsos,Reuters,3/31/25,4/2/25,1468, A,0.6500319,0.5489612,,39,57,-18,40.78211,53.69671,-12.9146,https://www.ipsos.com/sites/default/files/ct/news/documents/2025-04/Reuters%20Ipsos%20Signalgate%20Tariffs%20Survey%20Topline%20April%202%202025%20.pdf,4/2/25,4/13/25 19:19
Elon Musk,All polls,North Star Opinion Research,Defending Democracy Together,3/13/25,3/17/25,1000, RV,1.158492,0.5258678,,40,50,-10,40.11415,50.74957,-10.63542,https://www.defendingdemocracytogether.org/app/uploads/2025/03/Elon-Musk-Poll-Toplines-Defending-Democracy-Together.pdf,3/17/25,4/13/25 19:19
Elon Musk,All polls,Blueprint Polling,,3/13/25,3/14/25,1400, LV,1.142289,0.4913921,,39,54,-15,39.43181,53.57343,-14.14162,https://blueprint-research.com/polling/trump-musk-vulnerabilities-topline/,3/14/25,4/13/25 19:19
Elon Musk,All polls,Leger,,3/14/25,3/16/25,1013, A,1.059821,0.4810787,,37,48,-11,37.97531,49.32459,-11.34928,https://leger360.com/wp-content/uploads/2025/03/Trump_Tariffs_Tracking_March_17th-2025_CAN-US_EN.pdf,3/16/25,4/13/25 19:19
Elon Musk,All polls,Morning Consult,,4/4/25,4/6/25,2207, RV,0.4704548,0.4450402,,41,53,-12,41.08549,53.90515,-12.81966,https://pro.morningconsult.com/trackers/donald-trump-congress-policy-republicans-polling,4/6/25,4/13/25 19:19
Elon Musk,All polls,Hart Research Associates/Public Opinion Strategies,NBC News,3/7/25,3/11/25,1000, RV,1.270486,0.4445827,,39,51,-12,42.25928,51.6562,-9.396919,https://s3.documentcloud.org/documents/25569109/nbc-march-2025-poll-3-16-2025-release.pdf,3/11/25,4/13/25 19:19
Elon Musk,All polls,Cygnal,,3/3/25,3/5/25,1500, LV,1.545073,0.4336778,,42.2,53.1,-10.9,41.55009,52.92465,-11.37456,https://www.cygn.al/wp-content/uploads/2025/03/22915-Cygnal-National-NVT-Mar25-Deck-Public.pdf,3/5/25,4/13/25 19:19
Elon Musk,All polls,AtlasIntel,,2/24/25,2/27/25,2849, A,1.915226,0.4240822,,50,49,1,47.61527,48.75443,-1.13916,https://www.atlasintel.org/poll/usa-national-2025-02-28,2/27/25,4/13/25 19:19
Elon Musk,All polls,YouGov,Economist,3/30/25,4/1/25,1626, A,0.4875186,0.3978009,,42,53,-11,40.38363,52.31395,-11.93032,https://d3nkl3psvxxpe9.cloudfront.net/documents/econTabReport_Uo7FRzc.pdf#page35,4/1/25,4/13/25 19:19
Elon Musk,All polls,Echelon Insights,,3/10/25,3/13/25,1007, LV,1.118104,0.3975073,,42,50,-8,41.23893,51.0299,-9.79097,https://echelonin.wpenginepowered.com/wp-content/uploads/March-2025-Voter-Omnibus-Topline-External.pdf,3/13/25,4/13/25 19:19
Elon Musk,All polls,Quinnipiac University,,3/6/25,3/10/25,1198, RV,1.205406,0.3927563,,36,57,-21,38.15261,58.06196,-19.90935,https://poll.qu.edu/poll-release?releaseid=3921,3/10/25,4/13/25 19:19
Elon Musk,All polls,Rasmussen Reports,,3/12/25,3/16/25,1219, LV,0.9027684,0.3662249,,48,49,-1,44.43561,50.94773,-6.512119,https://www.rasmussenreports.com/public_content/politics/trump_administration_second_term/most_voters_ok_with_tesla_protests_but_vandalism_nope,3/16/25,4/13/25 19:19
Elon Musk,All polls,Marist College,NPR | PBS News,2/24/25,2/26/25,1694, A,1.523964,0.3233268,,39,50,-11,40.32991,50.47902,-10.14911,https://maristpoll.marist.edu/polls/the-state-of-the-union-march-2025/,2/26/25,4/13/25 19:19
Elon Musk,All polls,Morning Consult,,3/28/25,3/30/25,2210, RV,0.3984888,0.3029333,,40,54,-14,40.08549,54.90515,-14.81966,https://pro.morningconsult.com/trackers/donald-trump-congress-policy-republicans-polling,3/30/25,4/13/25 19:19
Elon Musk,All polls,SSRS,CNN,3/6/25,3/9/25,1206, A,0.8795878,0.2981884,,35,53,-18,36.67909,52.77109,-16.092,https://s3.documentcloud.org/documents/25558091/cnn-poll-trumps-performance-and-economy.pdf,3/9/25,4/13/25 19:19
Elon Musk,All polls,Ipsos,Reuters,3/21/25,3/23/25,1030, A,0.500983,0.2925425,,38,58,-20,39.78211,54.69671,-14.9146,https://www.ipsos.com/sites/default/files/Reuters%20Ipsos%20Core%20Political%20Presidential%20Approval%20Tracker%2003%2025%202025.pdf,3/23/25,4/13/25 19:19
Elon Musk,All polls,YouGov,Economist,3/22/25,3/25/25,1600, A,0.4310306,0.2729338,,44,51,-7,42.38363,50.31395,-7.930321,https://d3nkl3psvxxpe9.cloudfront.net/documents/econTabReport_o8LZals.pdf,3/25/25,4/13/25 19:19
Elon Musk,All polls,The Justice Research Fund,Working Families Power,2/24/25,3/2/25,2049, RV,1.05615,0.254228,,38,55,-17,38.9926,53.90401,-14.91141,https://drive.google.com/file/d/1psgeNBsAPSV3-diBTaAIE4_wiFjYwk5y/view,3/2/25,4/13/25 19:19
Elon Musk,All polls,YouGov,Yahoo News,3/20/25,3/24/25,1677, A,0.4300546,0.249228,,39,55,-16,37.38363,54.31395,-16.93032,https://d3nkl3psvxxpe9.cloudfront.net/documents/combined_20250324_yahoo.pdf,3/24/25,4/13/25 19:19
Elon Musk,All polls,Global Strategy Group/GBAO (Navigator Research),,3/13/25,3/17/25,1000, RV,0.5833018,0.2330903,,38,55,-17,39.00071,54.00278,-15.00207,https://navigatorresearch.org/wp-content/uploads/2025/03/Navigator-Topline-F03.17.25.pdf,3/17/25,4/13/25 19:19
Elon Musk,All polls,Morning Consult,,3/21/25,3/23/25,2206, RV,0.3586495,0.2061585,,39,53,-14,39.08549,53.90515,-14.81966,https://pro.morningconsult.com/trackers/donald-trump-congress-policy-republicans-polling?utm_source=newsletter&utm_medium=email&utm_campaign=our_best_intel&utm_content=032433,3/23/25,4/13/25 19:19
Elon Musk,All polls,YouGov,Economist,3/16/25,3/18/25,1618, A,0.4115456,0.1819055,,41,53,-12,39.38363,52.31395,-12.93032,https://d3nkl3psvxxpe9.cloudfront.net/documents/econTabReport_ngfganU.pdf#page40,3/18/25,4/13/25 19:19
Elon Musk,All polls,Ipsos,Reuters,3/11/25,3/12/25,1422, A,0.5450874,0.1726557,,38,59,-21,39.78211,55.69671,-15.9146,https://www.ipsos.com/sites/default/files/ct/news/documents/2025-03/Reuters%20Ipsos%20Tariffs%20Survey%20Topline%2003%2013%202025.pdf,3/12/25,4/13/25 19:19
Elon Musk,All polls,Harris Insights & Analytics,Harvard CAPS,2/19/25,2/20/25,2443, RV,1.126696,0.1567436,,44,44,0,42.9314,46.64042,-3.709019,https://harvardharrispoll.com/wp-content/uploads/2025/02/HHP_Feb2025_vFinal.pdf,2/20/25,4/13/25 19:19
Elon Musk,All polls,Data for Progress,,3/8/25,3/10/25,1169, LV,0.481802,0.1373731,,40,57,-17,38.87194,56.43621,-17.56427,https://www.dataforprogress.org/datasets/polling-on-attitudes-towards-trump-and-musk,3/10/25,4/13/25 19:19
Elon Musk,All polls,Morning Consult,,3/14/25,3/16/25,2210, RV,0.33751,0.1305849,,40,49,-9,40.08549,49.90515,-9.81966,https://pro.morningconsult.com/trackers/donald-trump-congress-policy-republicans-polling?utm_source=newsletter&utm_medium=email&utm_campaign=our_best_intel&utm_content=032425,3/16/25,4/13/25 19:19
Elon Musk,All polls,YouGov,Economist,3/9/25,3/11/25,1699, A,0.4160518,0.1150262,,41,53,-12,39.38363,52.31395,-12.93032,https://d3nkl3psvxxpe9.cloudfront.net/documents/econTabReport_ddjSlqx.pdf#page=35,3/11/25,4/13/25 19:19
Elon Musk,All polls,Quinnipiac University,,2/13/25,2/17/25,1039, RV,1.124335,0.1116248,,38,50,-12,40.15261,51.06196,-10.90935,https://poll.qu.edu/poll-release?releaseid=3919,2/17/25,4/13/25 19:19
Elon Musk,All polls,RMG Research,Napolitan News Service,2/10/25,2/11/25,1000, RV,1.072574,0.0987897,,44,47,-3,43.32671,47.88205,-4.55534,https://napolitannews.org/posts/favorability-of-americas-top-billionaires,2/11/25,4/13/25 19:19
Elon Musk,All polls,Data for Progress,,2/28/25,3/1/25,1191, LV,0.4055813,0.0899343,,40,56,-16,38.87194,55.43621,-16.56427,https://www.dataforprogress.org/datasets/polling-on-attitudes-towards-trump-and-musk,3/1/25,4/13/25 19:19
Elon Musk,All polls,Data for Progress,,2/28/25,3/2/25,1189, LV,0.4053087,0.0898739,,42,52,-10,40.87194,51.43621,-10.56427,https://www.dataforprogress.org/datasets/polling-on-attitudes-towards-trump-and-musk,3/2/25,4/13/25 19:19
Elon Musk,All polls,Echelon Insights,,2/10/25,2/13/25,1010, LV,1.02667,0.088484,,43,50,-7,42.23893,51.0299,-8.79097,https://echeloninsights.com/in-the-news/feb-2025-verified-voter-omnibus-2-2/,2/13/25,4/13/25 19:19
Elon Musk,All polls,Morning Consult,,3/7/25,3/9/25,2219, RV,0.3300268,0.0877639,,41,52,-11,41.08549,52.90515,-11.81966,https://pro.morningconsult.com/trackers/donald-trump-congress-policy-republicans-polling?utm_source=newsletter&utm_medium=email&utm_campaign=our_best_intel&utm_content=032426,3/9/25,4/13/25 19:19
Elon Musk,All polls,Cygnal,,2/4/25,2/5/25,1500, LV,1.461346,0.085841,,43.1,50.2,-7.100002,42.45009,50.02465,-7.574562,https://www.cygn.al/poll-trump-winning-over-black-men-dei-skeptics-and-border-hawks-as-democrats-lose-ground/,2/5/25,4/13/25 19:19
Elon Musk,All polls,YouGov,Economist,3/1/25,3/4/25,1638, A,0.4116669,0.084245,,43,51,-8,41.38363,50.31395,-8.930321,https://d3nkl3psvxxpe9.cloudfront.net/documents/econTabReport_uHE5Cxl.pdf,3/4/25,4/13/25 19:19
Elon Musk,All polls,Global Strategy Group/GBAO (Navigator Research),,2/20/25,2/24/25,1000, RV,0.5650721,0.0828245,,41,51,-10,42.00071,50.00278,-8.002071,https://navigatorresearch.org/wp-content/uploads/2025/02/Navigator-Topline-F02.24.25.pdf,2/24/25,4/13/25 19:19
Elon Musk,All polls,Ipsos,Reuters,2/13/25,2/18/25,4145, A,0.8062682,0.0773153,,39,55,-16,40.78211,51.69671,-10.9146,https://www.ipsos.com/sites/default/files/ct/news/documents/2025-02/Reuters%20Ipsos%20Large%20Sample%20Poll%201%20February%202025%20Topline.pdf,2/18/25,4/13/25 19:19
Elon Musk,All polls,Rasmussen Reports,,2/6/25,2/10/25,1196, LV,1.045056,0.0710231,,52,43,9,48.43561,44.94773,3.487881,https://www.rasmussenreports.com/public_content/politics/trump_administration_second_term/55_approve_of_elon_musk_running_doge,2/10/25,4/13/25 19:19
Elon Musk,All polls,Ipsos,Reuters,2/21/25,2/23/25,1029, A,0.4596328,0.0698333,,38,56,-18,39.78211,52.69671,-12.9146,https://www.reuters.com/world/us/trump-approval-rating-holds-steady-44-reutersipsos-poll-finds-2025-02-25/,2/23/25,4/13/25 19:19
Elon Musk,All polls,Morning Consult,,2/28/25,3/2/25,2229, RV,0.3280082,0.066556,,44,49,-5,44.08549,49.90515,-5.81966,https://pro.morningconsult.com/trackers/donald-trump-congress-policy-republicans-polling?utm_source=newsletter&utm_medium=email&utm_campaign=our_best_intel&utm_content=032427,3/2/25,4/13/25 19:19
Elon Musk,All polls,YouGov,Economist,2/23/25,2/25/25,1604, A,0.4014317,0.057302,,43,50,-7,41.38363,49.31395,-7.930321,https://d3nkl3psvxxpe9.cloudfront.net/documents/econTabReport_1q7T4HA.pdf,2/25/25,4/13/25 19:19
Elon Musk,All polls,Pew Research Center,,1/27/25,2/2/25,2529, A,1.410177,0.0556649,,42,54,-12,41.91109,52.48903,-10.57794,https://www.pewresearch.org/politics/2025/02/07/public-anticipates-changes-with-trump-but-is-split-over-whether-they-will-be-good-or-bad/,2/2/25,4/13/25 19:19
Elon Musk,All polls,Data for Progress,,2/19/25,2/20/25,1295, LV,0.3910442,0.0523024,,41,55,-14,39.87194,54.43621,-14.56427,https://www.dataforprogress.org/datasets/polling-on-attitudes-towards-trump-and-musk,2/20/25,4/13/25 19:19
Elon Musk,All polls,Morning Consult,,2/21/25,2/24/25,2225, RV,0.3292308,0.0494953,,43,49,-6,43.08549,49.90515,-6.81966,https://pro.morningconsult.com/trackers/donald-trump-congress-policy-republicans-polling?utm_source=newsletter&utm_medium=email&utm_campaign=our_best_intel&utm_content=032428,2/24/25,4/13/25 19:19
Elon Musk,All polls,Data for Progress,,2/14/25,2/15/25,1215, LV,0.3757456,0.0320645,,42,50,-8,40.87194,49.43621,-8.56427,https://www.dataforprogress.org/datasets/polling-on-attitudes-towards-trump-and-musk,2/15/25,4/13/25 19:19
Elon Musk,All polls,YouGov,Economist,2/16/25,2/18/25,1135, A,0.3329594,0.0288915,,46,50,-4,44.38363,49.31395,-4.930321,https://d3nkl3psvxxpe9.cloudfront.net/documents/econTabReport_OFVhPxp.pdf,2/18/25,4/13/25 19:19
Elon Musk,All polls,Morning Consult,,2/14/25,2/16/25,2217, RV,0.3371528,0.0265714,,41,50,-9,41.08549,50.90515,-9.81966,https://pro.morningconsult.com/trackers/donald-trump-congress-policy-republicans-polling?utm_source=newsletter&utm_medium=email&utm_campaign=our_best_intel&utm_content=032429,2/16/25,4/13/25 19:19
Elon Musk,All polls,Data for Progress,,2/8/25,2/9/25,1201, LV,0.3791478,0.0238765,,42,51,-9,40.87194,50.43621,-9.56427,https://www.dataforprogress.org/datasets/polling-on-attitudes-towards-trump-and-musk,2/9/25,4/13/25 19:19
Elon Musk,All polls,YouGov,Economist,2/9/25,2/11/25,1595, A,0.3633567,0.0208809,,42,52,-10,40.38363,51.31395,-10.93032,https://d3nkl3psvxxpe9.cloudfront.net/documents/econTabReport_nyOrDiw.pdf,2/11/25,4/13/25 19:19
Elon Musk,All polls,Global Strategy Group/GBAO (Navigator Research),,1/30/25,2/3/25,1000, RV,0.5743492,0.0204057,,39,53,-14,40.00071,52.00278,-12.00207,https://navigatorresearch.org/wp-content/uploads/2025/02/Navigator-Toplines-02.03.25.pdf,2/3/25,4/13/25 19:19
Elon Musk,All polls,Morning Consult,,2/7/25,2/9/25,2230, RV,0.3552139,0.0196221,,39,51,-12,39.08549,51.90515,-12.81966,https://pro.morningconsult.com/trackers/donald-trump-congress-policy-republicans-polling?utm_source=newsletter&utm_medium=email&utm_campaign=our_best_intel&utm_content=032430,2/9/25,4/13/25 19:19
Elon Musk,All polls,Gallup,,1/21/25,1/27/25,1001, A,1.211757,0.0159442,,43,47,-4,42.64578,47.46945,-4.823673,https://news.gallup.com/poll/655955/trump-inaugural-approval-rating-historically-low-again.aspx,1/27/25,4/13/25 19:19
Elon Musk,All polls,Data for Progress,,1/31/25,2/2/25,1205, LV,0.3898553,0.0138419,,40,53,-13,38.87194,52.43621,-13.56427,https://www.dataforprogress.org/datasets/polling-on-attitudes-towards-trump-and-musk,2/2/25,4/13/25 19:19
Elon Musk,All polls,Morning Consult,,1/31/25,2/3/25,2208, RV,0.384416,0.0135056,,39,49,-10,39.08549,49.90515,-10.81966,https://pro.morningconsult.com/trackers/donald-trump-congress-policy-republicans-polling?utm_source=newsletter&utm_medium=email&utm_campaign=our_best_intel&utm_content=032431,2/3/25,4/13/25 19:19
Elon Musk,All polls,YouGov,Economist,2/2/25,2/4/25,1604, A,0.3509554,0.0134387,,43,49,-6,41.38363,48.31395,-6.930321,https://d3nkl3psvxxpe9.cloudfront.net/documents/econTabReport_FOXP71G.pdf,2/4/25,4/13/25 19:19
Elon Musk,All polls,YouGov,,2/3/25,2/6/25,1106, A,0.3060451,0.013384,,42,47,-5,40.38363,46.31395,-5.930321,https://d3nkl3psvxxpe9.cloudfront.net/documents/Democracy__Trump__and_Musk_poll_results.pdf,2/6/25,4/13/25 19:19
Elon Musk,All polls,YouGov,,1/29/25,2/1/25,1019, A,0.2917928,0.0086481,,40,47,-7,38.38363,46.31395,-7.930321,https://d3nkl3psvxxpe9.cloudfront.net/documents/Elon_Musk_s_Gesture_poll_results.pdf,2/1/25,4/13/25 19:19
Elon Musk,All polls,Echelon Insights,,1/22/25,1/24/25,1024, LV,1.071223,0.0083476,,43,43,0,42.23893,44.0299,-1.79097,https://echeloninsights.com/in-the-news/dec-2024-verified-voter-omnibus-2/,1/24/25,4/13/25 19:19
Elon Musk,All polls,Ipsos,Reuters,1/24/25,1/26/25,1034, A,0.6497571,0.0076188,,38,53,-15,39.78211,49.69671,-9.9146,https://www.ipsos.com/sites/default/files/Reuters%20Ipsos%20Core%20Political%20Presidential%20Approval%20Tracker%2001%2028%202025.pdf,1/26/25,4/13/25 19:19
Elon Musk,All polls,AtlasIntel,,1/21/25,1/23/25,1882, A,1.788494,0.0072811,,45,51,-6,42.61527,50.75443,-8.13916,https://cdn.atlasintel.org/ed3f5238-e823-495e-a877-628217de9e68.pdf,1/23/25,4/13/25 19:19
Elon Musk,All polls,YouGov,Economist,1/26/25,1/28/25,1577, A,0.3490155,0.0062192,,44,48,-4,42.38363,47.31395,-4.930321,https://d3nkl3psvxxpe9.cloudfront.net/documents/econTabReport_m8tctwx.pdf,1/28/25,4/13/25 19:19
Elon Musk,All polls,Data for Progress,,1/24/25,1/26/25,1257, LV,0.4115337,0.0051872,,44,48,-4,42.87194,47.43621,-4.56427,https://www.dataforprogress.org/datasets/polling-on-attitudes-towards-trump-and-musk,1/26/25,4/13/25 19:19
Elon Musk,All polls,Morning Consult,,1/24/25,1/26/25,2303, RV,0.4607866,0.0049406,,44,47,-3,44.08549,47.90515,-3.81966,https://pro.morningconsult.com/trackers/donald-trump-congress-policy-republicans-polling?utm_source=newsletter&utm_medium=email&utm_campaign=our_best_intel&utm_content=032432,1/26/25,4/13/25 19:19
Elon Musk,All polls,YouGov,Economist,9/15/24,9/17/24,1592, A,0.7132,0,,42,47,-5,40.38363,46.31395,-5.930321,https://d3nkl3psvxxpe9.cloudfront.net/documents/econTabReport_dUFR0mV.pdf,9/17/24,4/13/25 19:19
Elon Musk,All polls,YouGov,Yahoo News,12/1/22,12/5/22,1635, A,0.5940346,0,,39,39,0,37.38363,38.31395,-0.9303207,https://d3nkl3psvxxpe9.cloudfront.net/documents/20221205_yahoo_tabs.pdf,12/5/22,4/13/25 19:19
Elon Musk,All polls,Ipsos,Reuters,11/15/24,11/17/24,1031, A,0.8906438,0,,42,52,-10,43.78211,48.69671,-4.9146,https://www.ipsos.com/sites/default/files/Ipsos%20Core%20Political%2011%2020%202024%20PDF.pdf,11/17/24,4/13/25 19:19
Elon Musk,All polls,Hart Research Associates/Public Opinion Strategies,NBC News,11/3/22,11/5/22,1000, RV,1.270486,0,,31,35,-4,34.25928,35.6562,-1.396919,https://s3.documentcloud.org/documents/23272032/220806-nbc-november-poll-v2.pdf,11/5/22,4/13/25 19:19
Elon Musk,All polls,YouGov,Economist,12/15/24,12/17/24,1553, A,0.4606934,0,,48,42,6,46.38363,41.31395,5.069679,https://d3nkl3psvxxpe9.cloudfront.net/documents/econTabReport_Td3FU5r.pdf,12/17/24,4/13/25 19:19
Elon Musk,All polls,YouGov,Economist,10/29/22,11/1/22,1500, A,0.5181705,0,,43,41,2,41.38363,40.31395,1.069679,https://d3nkl3psvxxpe9.cloudfront.net/documents/econTabReport_6fumL6n.pdf,11/1/22,4/13/25 19:19
Elon Musk,All polls,YouGov,Economist,11/9/24,11/12/24,1743, A,0.560684,0,,44,46,-2,42.38363,45.31395,-2.930321,https://d3nkl3psvxxpe9.cloudfront.net/documents/econTabReport_IHMRRoV.pdf,11/12/24,4/13/25 19:19
Elon Musk,All polls,Global Strategy Group/GBAO (Navigator Research),,12/5/24,12/8/24,1000, RV,0.7275584,0,,43,44,-1,44.00071,43.00278,0.9979286,https://navigatorresearch.org/wp-content/uploads/2024/12/Navigator-Update-12.18.2024.pdf,12/8/24,4/13/25 19:19
Elon Musk,All polls,YouGov,Economist,10/26/24,10/29/24,1587, A,0.5557983,0,,45,45,0,43.38363,44.31395,-0.9303207,https://d3nkl3psvxxpe9.cloudfront.net/documents/econTabReport_NgtZTja.pdf,10/29/24,4/13/25 19:19
Elon Musk,All polls,YouGov,Economist,4/22/23,4/25/23,1500, A,1.032813,0,,52,37,15,50.38363,36.31395,14.06968,https://d3nkl3psvxxpe9.cloudfront.net/documents/econTabReport_LnYz0UF.pdf,4/25/23,4/13/25 19:19
Elon Musk,All polls,Morning Consult,,12/13/24,12/15/24,2306, RV,0.5296976,0,,46,43,3,46.08549,43.90515,2.18034,https://pro.morningconsult.com/analysis/rfk-jr-seed-oils-food-policy,12/15/24,4/13/25 19:19
Elon Musk,All polls,YouGov,Economist,12/21/24,12/24/24,1582, A,0.4298521,0,,47,45,2,45.38363,44.31395,1.069679,https://d3nkl3psvxxpe9.cloudfront.net/documents/econTabReport_7LzJQAQ.pdf,12/24/24,4/13/25 19:19
Elon Musk,All polls,YouGov,,1/8/25,1/12/25,1156, A,0.3296413,0,,44,45,-1,42.38363,44.31395,-1.930321,https://d3nkl3psvxxpe9.cloudfront.net/documents/Social_Media_and_Free_Speech_poll_results.pdf,1/12/25,4/13/25 19:19
Elon Musk,All polls,Morning Consult,,11/6/24,11/7/24,2200, RV,0.5499562,0,,42,46,-4,42.08549,46.90515,-4.81966,https://pro.morningconsult.com/trackers/2024-presidential-election-polling,11/7/24,4/13/25 19:19
Elon Musk,All polls,YouGov,Economist,10/8/22,10/11/22,1500, A,0.5321316,0,,46,38,8,44.38363,37.31395,7.069679,https://d3nkl3psvxxpe9.cloudfront.net/documents/econTabReport_2022_10_08.pdf,10/11/22,4/13/25 19:19
Elon Musk,All polls,Harris Insights & Analytics,Harvard CAPS,1/15/25,1/16/25,2650, RV,1.233329,0,,43,41,2,41.9314,43.64042,-1.709019,https://harvardharrispoll.com/wp-content/uploads/2025/01/HHP_Jan25_KeyResults.pdf,1/16/25,4/13/25 19:19
Elon Musk,All polls,Quinnipiac University,,12/12/24,12/16/24,924, RV,0.9680077,0,,39,44,-5,41.15261,45.06196,-3.909348,https://poll.qu.edu/images/polling/us/us12182024_uvpn19.pdf,12/16/24,4/13/25 19:19
Elon Musk,All polls,Hart Research Associates/Public Opinion Strategies,NBC News,10/30/24,11/2/24,1000, RV,1.222972,0,,37,42,-5,40.25928,42.6562,-2.396919,https://s3.documentcloud.org/documents/25265231/nbc-november-2024-poll.pdf,11/2/24,4/13/25 19:19
Elon Musk,All polls,Harris Insights & Analytics,Harvard CAPS,10/11/24,10/13/24,3145, RV,1.206477,0,,43,40,3,41.9314,42.64042,-0.7090187,https://harvardharrispoll.com/wp-content/uploads/2024/10/HHP_Oct24_KeyResults.pdf,10/13/24,4/13/25 19:19
Elon Musk,All polls,Harris Insights & Analytics,Harvard CAPS,12/13/23,12/14/23,2034, RV,0.869494,0,,49,37,12,47.9314,39.64042,8.290981,https://harvardharrispoll.com/wp-content/uploads/2023/12/HHP_Dec23_KeyResults.pdf,12/14/23,4/13/25 19:19
Elon Musk,All polls,Harris Insights & Analytics,Harvard CAPS,1/17/24,1/18/24,2346, RV,0.9924662,0,,47,37,10,45.9314,39.64042,6.290981,https://harvardharrispoll.com/wp-content/uploads/2024/01/HHP_Jan24_KeyResults.pdf,1/18/24,4/13/25 19:19
Elon Musk,All polls,Harris Insights & Analytics,Harvard CAPS,9/4/24,9/5/24,2358, RV,1.091729,0,,45,39,6,43.9314,41.64042,2.290981,https://harvardharrispoll.com/wp-content/uploads/2024/09/HHP_Sep2024_KeyResults.pdf,9/5/24,4/13/25 19:19
Elon Musk,All polls,YouGov,Economist,2/4/24,2/6/24,1591, A,1.112317,0,,49,40,9,47.38363,39.31395,8.069679,https://d3nkl3psvxxpe9.cloudfront.net/documents/econTabReport_H1zTWuF.pdf,2/6/24,4/13/25 19:19
Elon Musk,All polls,Harris Insights & Analytics,Harvard CAPS,11/15/23,11/16/23,2851, RV,0.9521266,0,,47,35,12,45.9314,37.64042,8.290981,https://harvardharrispoll.com/wp-content/uploads/2023/11/HHP_Nov23_KeyResults.pdf,11/16/23,4/13/25 19:19
Elon Musk,All polls,Harris Insights & Analytics,Harvard CAPS,5/15/24,5/16/24,1660, RV,0.8384818,0,,48,35,13,46.9314,37.64042,9.290981,https://harvardharrispoll.com/wp-content/uploads/2024/05/HHP_May2024_KeyResults.pdf,5/16/24,4/13/25 19:19
Elon Musk,All polls,YouGov,Economist,11/18/23,11/20/23,1500, A,0.9570327,0,,48,40,8,46.38363,39.31395,7.069679,https://d3nkl3psvxxpe9.cloudfront.net/documents/econTabReport_ewAQzcE.pdf,11/20/23,4/13/25 19:19
Elon Musk,All polls,YouGov,,6/23/23,6/27/23,1000, A,0.7397598,0,,46,40,6,44.38363,39.31395,5.069679,https://d3nkl3psvxxpe9.cloudfront.net/documents/crosstabs_Mark_Zuckerberg_and_Elon_Musk.pdf,6/27/23,4/13/25 19:19
Elon Musk,All polls,YouGov,Economist,10/12/24,10/15/24,1624, A,0.5526707,0,,44,46,-2,42.38363,45.31395,-2.930321,https://d3nkl3psvxxpe9.cloudfront.net/documents/econTabReport_ycklxBQ.pdf,10/15/24,4/13/25 19:19
Elon Musk,All polls,YouGov,Economist,11/23/24,11/26/24,1590, A,0.5264642,0,,50,41,9,48.38363,40.31395,8.069679,https://d3nkl3psvxxpe9.cloudfront.net/documents/econTabReport_2w01YV9.pdf,11/26/24,4/13/25 19:19
Elon Musk,All polls,Fabrizio Lee & Associates/Impact Research,Wall Street Journal,1/9/25,1/14/25,1500, RV,1.05411,0,,40,51,-11,39.59896,50.38677,-10.78781,https://prod-i.a.dj.com/public/resources/documents/WSJ-poll-january-2025.pdf,1/14/25,4/13/25 19:19
Elon Musk,All polls,YouGov,Economist,5/20/23,5/23/23,1500, A,0.8496848,0,,53,37,16,51.38363,36.31395,15.06968,https://d3nkl3psvxxpe9.cloudfront.net/documents/econTabReport_GJtmqAJ.pdf,5/23/23,4/13/25 19:19
Elon Musk,All polls,Morning Consult,,11/8/24,11/11/24,3475, RV,0.635316,0,,43,42,1,43.08549,42.90515,0.1803398,https://pro.morningconsult.com/analysis/trust-in-elections-increased-in-2024-especially-among-republicans,11/11/24,4/13/25 19:19
Elon Musk,All polls,Ipsos,With Honor,2/2/24,2/4/24,1027, A,1.021164,0,,38,46,-8,39.78211,42.69671,-2.9146,https://www.ipsos.com/sites/default/files/ct/news/documents/2024-04/With%20Honor%20Ipsos%20Survey%20Final%20Topline_0.pdf,2/4/24,4/13/25 19:19
Elon Musk,All polls,Harris Insights & Analytics,Harvard CAPS,3/20/24,3/21/24,2111, RV,0.8828128,0,,46,37,9,44.9314,39.64042,5.290981,https://harvardharrispoll.com/wp-content/uploads/2024/03/HHP_Mar2024_KeyResults.pdf,3/21/24,4/13/25 19:19
Elon Musk,All polls,Harris Insights & Analytics,Harvard CAPS,2/21/24,2/22/24,2022, RV,0.9190863,0,,47,37,10,45.9314,39.64042,6.290981,https://harvardharrispoll.com/wp-content/uploads/2024/02/HHP_Feb2024_KeyResults.pdf,2/22/24,4/13/25 19:19
Elon Musk,All polls,Harris Insights & Analytics,Harvard CAPS,9/13/23,9/14/23,2103, RV,1.03964,0,,42,37,5,40.9314,39.64042,1.290981,https://harvardharrispoll.com/wp-content/uploads/2023/09/HHP_Sept23_KeyResults.pdf,9/14/23,4/13/25 19:19
Elon Musk,All polls,YouGov,Economist,12/8/24,12/10/24,1593, A,0.4954086,0,,48,44,4,46.38363,43.31395,3.069679,https://d3nkl3psvxxpe9.cloudfront.net/documents/econTabReport_FnFMxED.pdf,12/10/24,4/13/25 19:19
Elon Musk,All polls,YouGov,Economist,3/10/24,3/12/24,1559, A,0.9239482,0,,47,43,4,45.38363,42.31395,3.069679,https://d3nkl3psvxxpe9.cloudfront.net/documents/econTabReport_Ba6mR1n.pdf,3/12/24,4/13/25 19:19
Elon Musk,All polls,YouGov,Economist,1/12/25,1/14/25,1558, A,0.3644925,0,,43,47,-4,41.38363,46.31395,-4.930321,https://d3nkl3psvxxpe9.cloudfront.net/documents/econTabReport_pqpVSb2.pdf,1/14/25,4/13/25 19:19
Elon Musk,All polls,Global Strategy Group/GBAO (Navigator Research),,11/9/23,11/13/23,1000, RV,0.896889,0,,41,43,-2,42.00071,42.00278,-0.0020714,https://navigatorresearch.org/wp-content/uploads/2023/12/Navigator-Toplines-November-2-2023-.pdf,11/13/23,4/13/25 19:19
Elon Musk,All polls,Harris Insights & Analytics,Harvard CAPS,5/17/23,5/18/23,2004, RV,0.7807791,0,,47,33,14,45.9314,35.64042,10.29098,https://harvardharrispoll.com/wp-content/uploads/2023/05/HHP_May2023_KeyResults.pdf,5/18/23,4/13/25 19:19
Elon Musk,All polls,Selzer,Grinnell College,3/11/24,3/17/24,1005, A,1.232252,0,,47,37,10,46.10808,37.87817,8.229912,https://www.grinnell.edu/sites/default/files/docs/2024-03/FOR%20THE%20WEBSITE%20%20EMBARGOED%20Selzer%20Co%20GCNP%202283%20Tabulated%20Questionnaire%20v1%203-18-2024_0.pdf,3/17/24,4/13/25 19:19
Elon Musk,All polls,YouGov,Economist,6/16/24,6/18/24,1600, A,0.7344436,0,,41,47,-6,39.38363,46.31395,-6.930321,https://d3nkl3psvxxpe9.cloudfront.net/documents/econTabReport_BAWCOh6.pdf,6/18/24,4/13/25 19:19
Elon Musk,All polls,Hart Research Associates/Public Opinion Strategies,NBC News,9/13/24,9/17/24,1000, RV,1.222972,0,,34,45,-11,37.25928,45.6562,-8.396919,https://ropercenter.cornell.edu/ipoll/study/31122100/questions#59589a00-8b0f-44a7-84e5-7a00845e0b71,9/17/24,4/13/25 19:19
Elon Musk,All polls,YouGov,Yahoo News,11/14/24,11/18/24,1612, A,0.5330825,0,,49,39,10,47.38363,38.31395,9.069679,https://d3nkl3psvxxpe9.cloudfront.net/documents/20241118_yahoo_full_topline_crosstab.pdf,11/18/24,4/13/25 19:19
Elon Musk,All polls,Cygnal,,12/5/23,12/7/23,2000, LV,1.833443,0,,43.9,36.6,7.300003,43.25009,36.42465,6.825443,https://www.cygn.al/poll-rfk-jr-manchins-impact-on-2024-newsoms-failed-plan-b-experiment-and-party-extremism/,12/7/23,4/13/25 19:19
Elon Musk,All polls,YouGov,,4/14/22,4/14/22,1022, A,0.8587711,0,,49,31,18,47.38363,30.31396,17.06967,https://d3nkl3psvxxpe9.cloudfront.net/documents/elon-musk-twitter-crosstabs.pdf,4/14/22,4/13/25 19:19
Elon Musk,All polls,YouGov,Economist,7/27/24,7/30/24,1610, A,0.7223277,0,,41,48,-7,39.38363,47.31395,-7.930321,https://d3nkl3psvxxpe9.cloudfront.net/documents/econTabReport_5LIBPv8.pdf,7/30/24,4/13/25 19:19
Elon Musk,All polls,Harris Insights & Analytics,Harvard CAPS,6/14/23,6/15/23,2090, RV,0.862015,0,,45,36,9,43.9314,38.64042,5.290981,https://harvardharrispoll.com/wp-content/uploads/2023/06/HHP_June2023_KeyResults.pdf,6/15/23,4/13/25 19:19
Elon Musk,All polls,Data for Progress,,12/18/24,12/19/24,1189, LV,0.5935246,0,,45,48,-3,43.87194,47.43621,-3.56427,https://www.dataforprogress.org/datasets/polling-on-attitudes-towards-trump-and-musk,12/19/24,4/13/25 19:19
Elon Musk,All polls,YouGov,,6/15/24,6/15/24,4091, A,1.080633,0,,40,42,-2,38.38363,41.31395,-2.930321,https://today.yougov.com/topics/economy/survey-results/daily/2024/06/15/e1704/1?_gl=1*kxw42i*_up*MQ..*_ga*MTQzNjUxNzk0NC4xNzQzNjA3NTA0*_ga_X9VN3LD3NE*MTc0MzYwNzUwNC4xLjAuMTc0MzYwNzUwNC4wLjAuMA..,6/15/24,4/13/25 19:19
Elon Musk,All polls,YouGov,Economist,7/8/23,7/11/23,1500, A,0.9502388,0,,45,45,0,43.38363,44.31395,-0.9303207,https://d3nkl3psvxxpe9.cloudfront.net/documents/econTabReport_fIf6c6v.pdf,7/11/23,4/13/25 19:19
Elon Musk,All polls,Morning Consult,,11/21/23,11/23/23,2202, RV,1.139625,0,,39,34,5,39.08549,34.90515,4.18034,https://pro.morningconsult.com/analysis/hate-speech-online-brands-social-platforms,11/23/23,4/13/25 19:19
Elon Musk,All polls,YouGov,Economist,4/6/24,4/9/24,1795, A,1.09777,0,,44,44,0,42.38363,43.31395,-0.9303207,https://d3nkl3psvxxpe9.cloudfront.net/documents/econTabReport_lMxEeEw.pdf,4/9/24,4/13/25 19:19
Elon Musk,All polls,Global Strategy Group/GBAO (Navigator Research),,2/15/24,2/19/24,1000, RV,0.896889,0,,44,40,4,45.00071,39.00278,5.997929,https://navigatorresearch.org/wp-content/uploads/2024/03/Navigator-Toplines-02.20.2024.pdf,2/19/24,4/13/25 19:19
Elon Musk,All polls,Harris Insights & Analytics,Harvard CAPS,2/15/23,2/16/23,1838, RV,0.7730138,0,,44,36,8,42.9314,38.64042,4.290981,https://harvardharrispoll.com/wp-content/uploads/2023/02/HHP_Feb2023_KeyResults.pdf,2/16/23,4/13/25 19:19
Elon Musk,All polls,Rasmussen Reports,,1/31/23,2/1/23,1000, A,1.142217,0,,53,35,18,49.43561,36.94773,12.48788,https://www.rasmussenreports.com/public_content/business/general_business/63_approve_of_musk_publishing_twitter_files,2/1/23,4/13/25 19:19
Elon Musk,All polls,Ipsos,Reuters,12/13/24,12/15/24,1029, A,0.8238844,0,,38,56,-18,39.78211,52.69671,-12.9146,https://www.ipsos.com/sites/default/files/Reuters%20Ipsos%20Core%20Political%20Presidential%20Approval%20Tracker%20Dec%202024.pdf,12/15/24,4/13/25 19:19
Elon Musk,All polls,Harris Insights & Analytics,Harvard CAPS,11/13/24,11/14/24,1732, RV,1.087084,0,,42,41,1,40.9314,43.64042,-2.709019,https://harvardharrispoll.com/wp-content/uploads/2024/11/HHP_Nov2024_KeyResults.pdf,11/14/24,4/13/25 19:19
Elon Musk,All polls,Global Strategy Group/GBAO (Navigator Research),,10/24/24,10/28/24,1000, RV,0.8049359,0,,39,47,-8,40.00071,46.00278,-6.002071,https://navigatorresearch.org/wp-content/uploads/2024/10/Navigator-October-Topline-Results-110424.pdf,10/28/24,4/13/25 19:19
Elon Musk,All polls,Harris Insights & Analytics,Harvard CAPS,6/28/24,6/30/24,2090, RV,0.9596983,0,,44,36,8,42.9314,38.64042,4.290981,https://harvardharrispoll.com/wp-content/uploads/2024/07/HHP_June2024_KeyResults.pdf,6/30/24,4/13/25 19:19
Elon Musk,All polls,Fabrizio Lee & Associates/Impact Research,Wall Street Journal,10/19/24,10/22/24,1500, RV,1.05411,0,,45,45,0,44.59896,44.38677,0.2121925,https://prod-i.a.dj.com/public/resources/documents/WSJ_partial_results_late_Oct_2024.pdf,10/22/24,4/13/25 19:19
Elon Musk,All polls,YouGov,Economist,12/2/23,12/5/23,1500, A,0.9848971,0,,41,46,-5,39.38363,45.31395,-5.930321,https://d3nkl3psvxxpe9.cloudfront.net/documents/econTabReport_tT4jyzG.pdf,12/5/23,4/13/25 19:19
Elon Musk,All polls,Harris Insights & Analytics,Harvard CAPS,7/26/24,7/28/24,2196, RV,0.9943127,0,,45,37,8,43.9314,39.64042,4.290981,https://harvardharrispoll.com/wp-content/uploads/2024/07/HHP_July2024_KeyResults.pdf,7/28/24,4/13/25 19:19
Elon Musk,All polls,Harris Insights & Analytics,Harvard CAPS,4/18/23,4/19/23,1845, RV,0.7433267,0,,44,37,7,42.9314,39.64042,3.290981,https://harvardharrispoll.com/wp-content/uploads/2023/04/HHP_April2023_KeyResults.pdf,4/19/23,4/13/25 19:19
Elon Musk,All polls,Cygnal,,1/9/25,1/12/25,1500, LV,1.468512,0,,43.2,47.8,-4.599998,42.55009,47.62465,-5.074558,https://www.cygn.al/wp-content/uploads/2025/01/22827-Cygnal-National-NVT-Jan25-Deck.pdf,1/12/25,4/13/25 19:19
Elon Musk,All polls,Data for Progress,,11/13/24,11/14/24,1198, LV,0.8953534,0,,47,44,3,45.87194,43.43621,2.43573,https://www.dataforprogress.org/datasets/polling-on-attitudes-towards-trump-and-musk,11/14/24,4/13/25 19:19
Elon Musk,All polls,Global Strategy Group/GBAO (Navigator Research),,8/22/24,8/25/24,1000, RV,0.8741556,0,,40,46,-6,41.00071,45.00278,-4.002071,https://navigatorresearch.org/wp-content/uploads/2024/09/Navigator-August-2-Topline-F09.17.24-PR.pdf,8/25/24,4/13/25 19:19
Elon Musk,All polls,Global Strategy Group/GBAO (Navigator Research),,4/28/22,5/2/22,1000, RV,0.896889,0,,47,29,18,48.00071,28.00279,19.99792,https://navigatorresearch.org/wp-content/uploads/2022/05/Navigator-May-Tracker-Topline-F05.13.22.pdf,5/2/22,4/13/25 19:19
Elon Musk,All polls,Data for Progress,,12/14/24,12/15/24,1195, LV,0.6215026,0,,44,47,-3,42.87194,46.43621,-3.56427,https://www.dataforprogress.org/datasets/polling-on-attitudes-towards-trump-and-musk,12/15/24,4/13/25 19:19
Elon Musk,All polls,AP-NORC,,12/5/24,12/9/24,1251, A,1.05818,0,,41,51,-10,42.62855,49.31007,-6.681519,https://apnorc.org/wp-content/uploads/2025/01/December-2024-topline_vote-confidence.pdf,12/9/24,4/13/25 19:19
Elon Musk,All polls,Harris Insights & Analytics,Harvard CAPS,1/18/23,1/19/23,2050, RV,0.9432739,0,,44,39,5,42.9314,41.64042,1.290981,https://harvardharrispoll.com/wp-content/uploads/2023/01/HHP_Jan2023_KeyResults.pdf,1/19/23,4/13/25 19:19
Elon Musk,All polls,YouGov,Economist,7/21/24,7/23/24,1605, A,0.7066751,0,,40,49,-9,38.38363,48.31395,-9.930321,https://d3nkl3psvxxpe9.cloudfront.net/documents/econTabReport_brdog5G.pdf,7/23/24,4/13/25 19:19
Elon Musk,All polls,Data for Progress,,1/10/25,1/11/25,1201, LV,0.4828137,0,,44,48,-4,42.87194,47.43621,-4.56427,https://www.dataforprogress.org/datasets/polling-on-attitudes-towards-trump-and-musk,1/11/25,4/13/25 19:19
Elon Musk,All polls,Cygnal,,12/9/24,12/11/24,1500, LV,1.563231,0,,45.2,47.8,-2.599998,44.55009,47.62465,-3.074558,https://www.cygn.al/wp-content/uploads/2024/12/Cygnal-National-NVT-Dec24-Deck-Public.pdf,12/11/24,4/13/25 19:19
Elon Musk,All polls,Data for Progress,,9/12/24,9/13/24,1283, LV,1.123686,0,,48,41,7,46.87194,40.43621,6.43573,https://www.dataforprogress.org/datasets/polling-on-attitudes-towards-trump-and-musk,9/13/24,4/13/25 19:19
Elon Musk,All polls,Harris Insights & Analytics,Harvard CAPS,7/19/23,7/20/23,2068, RV,1.020992,0,,44,35,9,42.9314,37.64042,5.290981,https://harvardharrispoll.com/wp-content/uploads/2023/07/HHP_July2023_KeyResults.pdf,7/20/23,4/13/25 19:19
Elon Musk,All polls,YouGov,Economist,1/5/25,1/8/25,1704, A,0.3932276,0,,43,46,-3,41.38363,45.31395,-3.930321,https://d3nkl3psvxxpe9.cloudfront.net/documents/econTabReport_gsOVPsO.pdf,1/8/25,4/13/25 19:19
Elon Musk,All polls,Quinnipiac University,,12/8/24,12/12/24,1614, A,1.208378,0,,36,33,3,38.15261,34.06196,4.090652,https://poll.qu.edu/images/polling/us/us12142022_uhlv24.pdf,12/12/24,4/13/25 19:19
Elon Musk,All polls,YouGov,Economist,12/29/24,12/31/24,1552, A,0.4012865,0,,48,41,7,46.38363,40.31395,6.069679,https://d3nkl3psvxxpe9.cloudfront.net/documents/econTabReport_Goy6hsR.pdf,12/31/24,4/13/25 19:19
Elon Musk,All polls,YouGov,Economist,6/18/22,6/21/22,1500, A,0.8447928,0,,46,36,10,44.38363,35.31395,9.069679,https://d3nkl3psvxxpe9.cloudfront.net/documents/20220618_econTabReport_revised.pdf,6/21/22,4/13/25 19:19
Elon Musk,All polls,YouGov,Economist,7/16/22,7/19/22,1500, A,0.7684546,0,,43,38,5,41.38363,37.31395,4.069679,https://d3nkl3psvxxpe9.cloudfront.net/documents/econTabReport_1BPBnRZ.pdf,7/19/22,4/13/25 19:19
Elon Musk,All polls,Global Strategy Group/GBAO (Navigator Research),,6/2/23,6/5/23,1000, RV,0.7118287,0,,40,44,-4,41.00071,43.00278,-2.002071,https://navigatorresearch.org/wp-content/uploads/2023/06/Navigator-Toplines-06.06.2023.pdf,6/5/23,4/13/25 19:19
Elon Musk,All polls,YouGov,Economist,9/8/24,9/10/24,1626, A,0.7458375,0,,43,45,-2,41.38363,44.31395,-2.930321,https://d3nkl3psvxxpe9.cloudfront.net/documents/econTabReport_k1paNHZ.pdf,9/10/24,4/13/25 19:19
Elon Musk,All polls,YouGov,,12/5/22,12/8/22,1000, A,0.4992786,0,,40,40,0,38.38363,39.31395,-0.9303207,https://d3nkl3psvxxpe9.cloudfront.net/documents/tabs_Elon_Musk_and_Social_Media_20221205.pdf,12/8/22,4/13/25 19:19
Elon Musk,All polls,AP-NORC,,1/9/25,1/13/25,1147, A,1.02364,0,,36,52,-16,37.62855,50.31007,-12.68152,https://apnorc.org/wp-content/uploads/2025/01/January-2025-topline.pdf,1/13/25,4/13/25 19:19
Elon Musk,All polls,YouGov,,10/11/24,10/11/24,5037, A,0.8691383,0,,45,40,5,43.38363,39.31395,4.069679,https://today.yougov.com/topics/economy/survey-results/daily/2024/10/11/3d90e/1?_gl=1*kxw42i*_up*MQ..*_ga*MTQzNjUxNzk0NC4xNzQzNjA3NTA0*_ga_X9VN3LD3NE*MTc0MzYwNzUwNC4xLjAuMTc0MzYwNzUwNC4wLjAuMA..,10/11/24,4/13/25 19:19
Elon Musk,All polls,Global Strategy Group/GBAO (Navigator Research),,7/6/23,7/10/23,1000, RV,0.7576612,0,,39,45,-6,40.00071,44.00278,-4.002071,https://navigatorresearch.org/wp-content/uploads/2023/07/Navigator-Toplines-07.11.2023.pdf,7/10/23,4/13/25 19:19
Elon Musk,All polls,Hart Research Associates/Public Opinion Strategies,NBC News,4/12/24,4/16/24,1000, RV,1.270486,0,,30,38,-8,33.25928,38.6562,-5.396919,https://s3.documentcloud.org/documents/24564257/240126-nbc-april-2024-poll-4-21-2024-release.pdf,4/16/24,4/13/25 19:19
Elon Musk,All polls,YouGov,Economist,1/19/25,1/21/25,1609, A,0.3592637,0,,46,46,0,44.38363,45.31395,-0.9303207,https://d3nkl3psvxxpe9.cloudfront.net/documents/econTabReport_cN0yvyg.pdf,1/21/25,4/13/25 19:19
Elon Musk,All polls,Marist College,NPR | PBS News,1/7/25,1/9/25,1387, A,1.431166,0,,37,46,-9,38.32991,46.47902,-8.149109,https://maristpoll.marist.edu/wp-content/uploads/2025/01/NPR_PBS-News_Marist-Poll_USA-NOS-and-Tables_202501101322.pdf,1/9/25,4/13/25 19:19
Elon Musk,All polls,Echelon Insights,,11/14/24,11/18/24,1010, LV,1.249126,0,,46,43,3,45.23893,44.0299,1.20903,https://echelonin.wpenginepowered.com/wp-content/uploads/November-2024-Voter-Omnibus-PUCK-Topline.pdf,11/18/24,4/13/25 19:19
Elon Musk,All polls,Harris Insights & Analytics,Harvard CAPS,4/24/24,4/25/24,1961, RV,0.8823903,0,,44,39,5,42.9314,41.64042,1.290981,https://harvardharrispoll.com/wp-content/uploads/2024/04/HHP_Apr2024_KeyResults.pdf,4/25/24,4/13/25 19:19
Elon Musk,All polls,YouGov,Economist,9/17/23,9/19/23,1500, A,1.238586,0,,43,45,-2,41.38363,44.31395,-2.930321,https://d3nkl3psvxxpe9.cloudfront.net/documents/econTabReport_xf4D6qH.pdf,9/19/23,4/13/25 19:19
Elon Musk,All polls,Morning Consult,,12/6/24,12/8/24,2270, RV,0.5001014,0,,45,43,2,45.08549,43.90515,1.18034,https://pro.morningconsult.com/analysis/2028-gop-primary-polling-december-2024,12/8/24,4/13/25 19:19
Elon Musk,All polls,Harris Insights & Analytics,Harvard CAPS,10/19/23,10/19/23,2116, RV,0.8727095,0,,44,36,8,42.9314,38.64042,4.290981,https://harvardharrispoll.com/wp-content/uploads/2023/10/HHP_Oct23_KeyResults.pdf,10/19/23,4/13/25 19:19
Elon Musk,All polls,YouGov,Economist,10/16/22,10/18/22,1500, A,0.5196958,0,,43,40,3,41.38363,39.31395,2.069679,https://d3nkl3psvxxpe9.cloudfront.net/documents/econTabReport_2Uxgdbg.pdf,10/18/22,4/13/25 19:19
Elon Musk,All polls,Global Strategy Group/GBAO (Navigator Research),,1/9/25,1/13/25,1000, RV,0.6273885,0,,42,48,-6,43.00071,47.00278,-4.002071,https://navigatorresearch.org/wp-content/uploads/2025/01/Navigator-Update-Topline-F01.13.25.pdf,1/13/25,4/13/25 19:19
Elon Musk,All polls,YouGov,,9/16/22,9/19/22,1000, A,0.5049947,0,,46,38,8,44.38363,37.31395,7.069679,https://d3nkl3psvxxpe9.cloudfront.net/documents/crosstabs_Billionaires_and_Wealth.pdf,9/19/22,4/13/25 19:19
Elon Musk,All polls,Harris Insights & Analytics,Harvard CAPS,3/22/23,3/23/23,2905, RV,0.872165,0,,45,36,9,43.9314,38.64042,5.290981,https://harvardharrispoll.com/wp-content/uploads/2023/03/HHP_March_2023_KeyResults.pdf,3/23/23,4/13/25 19:19
Elon Musk,All polls,YouGov,,12/8/22,12/13/22,1000, A,0.5178707,0,,42,39,3,40.38363,38.31395,2.069679,https://d3nkl3psvxxpe9.cloudfront.net/documents/Elon_Musk_Twitter_Polls_December_8_13_2022.pdf,12/13/22,4/13/25 19:19
Elon Musk,All polls,Morning Consult,,11/27/24,11/30/24,2271, RV,0.4912071,0,,45,45,0,45.08549,45.90515,-0.8196602,https://pro.morningconsult.com/analysis/rfk-jr-hhs-polling-november-2024,11/30/24,4/13/25 19:19
Elon Musk,All polls,Data for Progress,,1/17/25,1/18/25,1205, LV,0.4352148,0,,44,49,-5,42.87194,48.43621,-5.56427,https://www.dataforprogress.org/datasets/polling-on-attitudes-towards-trump-and-musk,1/18/25,4/13/25 19:19